<?xml version="1.0" encoding="UTF-8"?>
<project-private xmlns="http://www.netbeans.org/ns/project-private/1">
    <editor-bookmarks xmlns="http://www.netbeans.org/ns/editor-bookmarks/2" lastBookmarkId="0"/>
    <open-files xmlns="http://www.netbeans.org/ns/projectui-open-files/2">
        <group>
            <file>file:/C:/Users/EdRyz/Downloads/Limon_v2/SanaFarma/SanaFarma/SanaFarma/src/vista/ILogin.java</file>
            <file>file:/C:/Users/EdRyz/Downloads/Limon_v2/SanaFarma/SanaFarma/SanaFarma/src/vista/FormMedicamento.java</file>
            <file>file:/C:/Users/EdRyz/Downloads/Limon_v2/SanaFarma/SanaFarma/SanaFarma/src/vista/VerInventario.java</file>
            <file>file:/C:/Users/EdRyz/Downloads/Limon_v2/SanaFarma/SanaFarma/SanaFarma/src/vista/FormProveedor.java</file>
            <file>file:/C:/Users/EdRyz/Downloads/Limon_v2/SanaFarma/SanaFarma/SanaFarma/src/vista/IEmpleado.java</file>
            <file>file:/C:/Users/EdRyz/Downloads/Limon_v2/SanaFarma/SanaFarma/SanaFarma/src/vista/ICliente.java</file>
            <file>file:/C:/Users/EdRyz/Downloads/Limon_v2/SanaFarma/SanaFarma/SanaFarma/src/vista/IMenu.java</file>
            <file>file:/C:/Users/EdRyz/Downloads/Limon_v2/SanaFarma/SanaFarma/SanaFarma/src/vista/IAsistencia.java</file>
        </group>
    </open-files>
</project-private>
